gene,FC,neg_log_10_padj,padj
Il4ra,8.605,6.815,1.53E-07
H2-DMa,18.289,6.704,1.98E-07
Ppp3cc,5.067,6.13,7.41E-07
Dusp10,8.098,5.909,1.23E-06
Slc17a9,2.074,5.539,2.89E-06
Bysl,2.48,5.467,3.41E-06
Ncoa3,3.521,5.319,4.80E-06
Nop56,2.258,5.152,7.05E-06
Mthfd2,2.025,4.987,1.03E-05
P2ry10,7.26,4.85,1.41E-05
Lyst,5.257,4.809,1.55E-05
Gm50335,3.477,4.663,2.17E-05
Rasa2,1.454,4.646,2.26E-05
Tmie,3.194,4.593,2.55E-05
Gnl3,2.781,4.52,3.02E-05
Plp2,2.07,4.52,3.02E-05
Arid5a,3.965,4.439,3.64E-05
Gbp6,2.594,4.438,3.65E-05
Nrros,2.337,4.403,3.95E-05
Spsb1,4.486,4.369,4.28E-05
Cd3eap,2.866,4.333,4.65E-05
Mbd2,3.035,4.246,5.68E-05
Elf1,1.932,4.233,5.85E-05
Pusl1,2.184,4.227,5.93E-05
Eef1aknmt,2.5,4.19,6.46E-05
Prpf31,2.289,4.182,6.58E-05
Cish,7.544,4.177,6.65E-05
Cnr2,6.137,4.159,6.93E-05
Als2cl,2.22,4.156,6.98E-05
Cd83,12.562,4.153,7.03E-05
Itga6,2.132,4.129,7.43E-05
Dimt1,2.112,4.129,7.43E-05
Tank,2.542,4.111,7.74E-05
Trib2,2.067,4.072,8.47E-05
Fnip1,3.021,4.046,8.99E-05
Cad,1.95,4.038,9.16E-05
Zrsr1,2.273,4.025,9.44E-05
Zfp1,2.376,3.982,0.000104232
Glipr2,8.56,3.917,0.00012106
Nhp2,1.584,3.915,0.000121619
Dapp1,2.31,3.894,0.000127644
Rgs1,13.455,3.888,0.00012942
Smad5,1.944,3.814,0.000153462
Ap3m1,1.988,3.806,0.000156315
Mapkapk3,2.078,3.795,0.000160325
Aimp2,1.598,3.791,0.000161808
Eif1a,2.157,3.79,0.000162181
Tmtc4,3.857,3.783,0.000164816
Sec11c,1.844,3.759,0.000174181
Fam240a,10.757,3.75,0.000177828
Gm17169,2.121,3.723,0.000189234
Ak2,1.68,3.715,0.000192752
Mcm2,2.123,3.714,0.000193197
D16Ertd472e,2.572,3.674,0.000211836
Wdr43,1.947,3.669,0.000214289
Bcl2,5.114,3.654,0.00022182
Aopep,1.941,3.639,0.000229615
Alkbh1,1.52,3.635,0.000231739
Hspa9,1.771,3.576,0.000265461
Bcl2l1,3.274,3.571,0.000268534
Nifk,1.847,3.564,0.000272898
Slc37a3,2.491,3.53,0.000295121
Frmd6,5.527,3.519,0.000302691
Tspan9,5.532,3.518,0.000303389
Gm19951,4.854,3.516,0.000304789
Thada,0.647,3.467,0.000341193
Shmt1,1.921,3.461,0.000345939
C1qbp,1.805,3.445,0.000358922
Tgtp1,3.322,3.434,0.000368129
Dpp4,2.168,3.42,0.000380189
Nsmce1,2.161,3.414,0.000385478
Nabp1,2.118,3.408,0.000390841
Ints6l,2.331,3.401,0.000397192
Pes1,1.602,3.393,0.000404576
Amd1,1.815,3.389,0.000408319
Nop58,1.761,3.378,0.000418794
AI504432,1.841,3.371,0.000425598
Cdk6,5.387,3.367,0.000429536
Gm10130,2.498,3.363,0.000433511
Tuba4a,2.461,3.347,0.00044978
Socs5,0.368,3.337,0.000460257
Nat10,1.987,3.331,0.000466659
Tspan14,1.847,3.33,0.000467735
Snhg16,2.076,3.327,0.000470977
Pus1,1.737,3.316,0.000483059
Suz12,2.674,3.302,0.000498884
Rrp12,1.873,3.301,0.000500035
Stat2,2.467,3.298,0.000503501
Sh3bp5,5.117,3.295,0.000506991
Oxct1,1.992,3.272,0.000534564
Inpp4b,1.955,3.267,0.000540754
Slc7a1,2.067,3.252,0.000559758
St8sia1,0.326,3.213,0.00061235
Ncoa7,4.871,3.21,0.000616595
Slc39a6,3.783,3.21,0.000616595
Il21r,1.785,3.198,0.00063387
Znhit6,1.984,3.18,0.000660693
Wdr4,1.884,3.163,0.000687068
Shmt2,1.868,3.15,0.000707946
Dph1,1.655,3.146,0.000714496
AW112010,1.994,3.141,0.00072277
Nop16,1.733,3.116,0.000765597
Nt5e,3.494,3.11,0.000776247
Tube1,3.382,3.109,0.000778037
Nop2,1.768,3.076,0.00083946
Rpf2,2.096,3.073,0.000845279
Ndufaf4,1.756,3.067,0.000857038
Calhm6,2.773,3.045,0.000901571
Stat3,1.8,3.042,0.000907821
Trat1,2.378,3.025,0.000944061
Eef1e1,1.868,3.023,0.000948418
Wdr5,1.474,3.02,0.000954993
Xbp1,3.785,3.017,0.000961612
Irf7,2.31,3.012,0.000972747
Ctps,2.031,2.981,0.00104472
Gm17590,13.67,2.966,0.001081434
Ntmt1,1.528,2.966,0.001081434
Jaml,8.966,2.952,0.001116863
Cdca7,5.313,2.941,0.001145513
Sinhcaf,2.421,2.882,0.0013122
Rsl1d1,1.512,2.877,0.001327394
Rcl1,1.877,2.874,0.001336596
Bmp2k,2.933,2.862,0.001374042
4930594M22Rik,3.374,2.841,0.001442115
Polr1b,2.442,2.84,0.00144544
Cinp,2.734,2.838,0.001452112
Parp9,1.763,2.835,0.001462177
Ppif,1.489,2.818,0.001520548
Mgat4a,3.237,2.812,0.0015417
Nme1,1.4,2.808,0.001555966
Noc4l,1.75,2.787,0.001633052
Pim1,2.55,2.779,0.001663413
4930453N24Rik,2.099,2.762,0.001729816
Myc,4.23,2.761,0.001733804
Gm37169,2.503,2.761,0.001733804
Sft2d2,5.878,2.75,0.001778279
Nolc1,1.697,2.735,0.001840772
Pus7,2.058,2.733,0.001849269
Snhg15,2.652,2.726,0.001879317
Dok2,1.428,2.717,0.001918669
Timm10,1.719,2.714,0.001931968
Eif4a3,1.514,2.714,0.001931968
Gtpbp4,1.423,2.7,0.001995262
Gemin5,1.961,2.7,0.001995262
Ptpn2,1.818,2.687,0.002055891
Tsr1,1.752,2.679,0.002094112
H2-DMb2,28.576,2.668,0.00214783
Cd274,1.647,2.664,0.002167704
Rnf19b,2.191,2.659,0.002192805
Pwp2,1.739,2.652,0.002228435
Eno1,2.451,2.652,0.002228435
Gm47138,2.751,2.649,0.002243882
Tasp1,1.7,2.642,0.002280342
Apex1,2.165,2.641,0.002285599
Zfp263,1.29,2.64,0.002290868
Dars,1.396,2.627,0.002360478
Atf4,1.636,2.623,0.002382319
Tnip2,1.447,2.62,0.002398833
Ggact,3.013,2.615,0.00242661
Dkc1,1.735,2.609,0.002460368
Ppa1,2.22,2.606,0.002477422
Naa25,1.228,2.604,0.002488857
Igtp,1.937,2.602,0.002500345
Lyrm7,3.386,2.595,0.002540973
Gadd45g,4.605,2.59,0.002570396
Pfkp,1.648,2.589,0.002576321
Mrm3,1.709,2.585,0.00260016
Stk16,1.972,2.578,0.002642409
Ddx18,1.419,2.574,0.002666859
Snrpa1,1.56,2.573,0.002673006
Tent5c,0.49,2.566,0.002716439
Nbn,2.54,2.552,0.002805434
Nob1,1.733,2.546,0.002844461
Treml2,2.329,2.545,0.002851018
D630008O14Rik,6.04,2.534,0.002924152
Abcg1,1.516,2.518,0.003033891
D030028A08Rik,2.262,2.483,0.003288516
Rel,1.795,2.481,0.003303695
Snhg1,1.803,2.48,0.003311311
Arid5b,2.708,2.477,0.003334264
Runx1,1.422,2.46,0.003467369
Ado,1.372,2.442,0.003614099
Smap2,1.675,2.441,0.00362243
Hipk2,2.486,2.426,0.00374973
Vps54,1.508,2.421,0.00379315
B4galt1,0.643,2.409,0.00389942
Wdfy2,2.036,2.4,0.003981072
Rpp14,1.592,2.4,0.003981072
Tmx1,1.389,2.399,0.003990249
Tk1,0.384,2.386,0.004111497
Fabp5,10.502,2.376,0.004207266
Vmn2r97,1.747,2.372,0.004246196
Gm37053,5.185,2.352,0.004446313
Ebna1bp2,1.664,2.351,0.004456562
Tars,1.516,2.34,0.004570882
Mettl22,2.223,2.338,0.00459198
Usp36,1.993,2.324,0.00474242
Pde4b,0.561,2.323,0.004753352
Rrp9,1.683,2.285,0.005188
Ftsj3,1.446,2.265,0.005432503
Wdr75,1.792,2.26,0.005495409
Ubl3,2.504,2.253,0.005584702
Tma16,2.261,2.247,0.005662393
Cds2,0.689,2.247,0.005662393
Car2,0.124,2.243,0.005714786
Xkrx,1.406,2.228,0.005915616
Slc12a7,0.688,2.221,0.006011737
Wdr46,1.786,2.218,0.006053409
Gcsh,2.617,2.215,0.006095369
Ifngr2,1.642,2.211,0.006151769
Gm33994,3.118,2.202,0.006280584
Uhrf1bp1l,1.417,2.195,0.006382635
Gm47603,2.139,2.183,0.006561453
Gm49417,6.577,2.174,0.006698846
Dancr,2.007,2.173,0.006714289
Rab37,1.647,2.173,0.006714289
Arap2,1.575,2.165,0.006839116
Ccdc115,1.536,2.164,0.006854882
Gm37248,1.572,2.162,0.006886523
Dtx3l,1.954,2.143,0.00719449
Tmem97,1.855,2.136,0.007311391
2410002F23Rik,1.916,2.129,0.007430191
Tmed5,1.432,2.128,0.00744732
Hs6st1,2.786,2.125,0.007498942
Ahcyl2,1.95,2.123,0.007533556
Snhg4,1.84,2.119,0.007603263
Ezh2,1.476,2.119,0.007603263
Tgfbr1,3.371,2.115,0.007673615
Mphosph10,1.554,2.113,0.007709035
Prkd3,2.257,2.101,0.007925013
Grwd1,1.705,2.083,0.008260379
Mrto4,1.655,2.083,0.008260379
Abce1,1.534,2.075,0.008413951
Polr1e,1.601,2.073,0.008452788
Tdgf1,10.93,2.066,0.008590135
Trmt11,1.485,2.052,0.00887156
Bcap29,1.543,2.041,0.009099133
Dr1,1.379,2.04,0.009120108
Ptpn3,8.969,2.039,0.009141132
Etfbkmt,3.398,2.032,0.009289664
Nptn,1.952,2.031,0.009311079
Utp4,1.365,2.024,0.009462372
Timm9,1.395,2.023,0.009484185
Llph,1.473,2.021,0.009527962
Etv3,1.623,2.02,0.009549926
Polr3d,2.076,2.01,0.009772372
Noa1,1.79,2.003,0.00993116
Eif4e,1.507,1.997,0.010069317
Rpp38,2.202,1.994,0.010139114
Ydjc,1.686,1.989,0.010256519
Mtap,1.442,1.982,0.010423174
Wdr59,2.143,1.977,0.010543869
Snhg6,2.209,1.975,0.010592537
Cln5,1.678,1.961,0.010939564
Agpat3,1.608,1.957,0.011040786
Rcn1,1.709,1.953,0.011142945
Znrf3,1.74,1.951,0.011194379
Il2ra,2.611,1.944,0.011376273
Socs1,7.96,1.932,0.011694994
Pcsk4,2.843,1.918,0.012078138
Dock10,1.288,1.909,0.012331048
Polr3h,2.078,1.906,0.012416523
Dcun1d2,1.537,1.903,0.01250259
Senp1,1.608,1.903,0.01250259
Pwwp3a,1.238,1.895,0.012735031
Snhg17,2.169,1.884,0.013061709
Surf2,1.473,1.883,0.013091819
Fbxo33,1.852,1.876,0.013304544
Csrnp1,2.063,1.875,0.013335214
Gm28935,2.725,1.871,0.013458604
Ddx21,1.582,1.871,0.013458604
Mak16,1.456,1.853,0.014028137
Lad1,5.077,1.847,0.014223288
Nampt,1.884,1.844,0.014321879
Cycs,1.807,1.834,0.014655478
Ppan,1.89,1.831,0.014757065
Rhoh,0.777,1.826,0.014927944
Rrp1b,1.951,1.812,0.015417005
Hs3st3b1,0.385,1.809,0.01552387
Hsd11b1,1.425,1.802,0.015776113
Itgb3,1.757,1.799,0.015885467
Mdn1,1.366,1.796,0.01599558
Arglu1,1.47,1.796,0.01599558
Gm47585,1.96,1.792,0.016143586
Mtss1,0.422,1.784,0.016443717
Bcl6,0.23,1.783,0.016481624
Apmap,1.524,1.774,0.016826741
Rbbp8,0.555,1.765,0.017179084
Gprin3,6.007,1.764,0.017218686
G0s2,2.49,1.763,0.017258379
Fchsd2,1.599,1.763,0.017258379
Pros1,14.184,1.759,0.017418069
Rrp15,1.361,1.744,0.018030177
Rab8b,2.035,1.743,0.018071741
Agfg1,1.715,1.742,0.018113401
Ippk,1.598,1.742,0.018113401
Pole2,2.353,1.731,0.018578045
Ppm1h,1.787,1.726,0.018793168
Gm28875,1.889,1.725,0.018836491
Idh3a,1.408,1.725,0.018836491
Gpatch4,1.583,1.716,0.019230917
Mrps18b,1.526,1.711,0.019453601
Rab27a,0.573,1.706,0.019678863
Tada2a,1.604,1.687,0.020558906
Ccdc86,1.515,1.686,0.020606299
Itm2a,1.322,1.678,0.020989399
Aqp3,2.101,1.666,0.021577444
Tafa3,2.61,1.661,0.021827299
Mettl1,1.529,1.651,0.022335722
Slc22a5,1.971,1.644,0.022698649
Prag1,0.511,1.637,0.023067472
Fh1,1.554,1.632,0.023334581
Zfp512,0.772,1.625,0.023713737
Gm1976,0.644,1.611,0.024490632
Mybbp1a,1.668,1.608,0.024660393
Larp1,1.972,1.597,0.02529298
B4galt5,1.642,1.586,0.025941794
Gmppb,1.669,1.579,0.026363314
Brix1,1.355,1.576,0.026546056
Eef2k,2.159,1.572,0.026791683
Slco3a1,0.703,1.572,0.026791683
Smad2,1.229,1.572,0.026791683
Gbp9,1.278,1.557,0.027733201
Acss1,0.598,1.55,0.028183829
Smyd5,1.564,1.544,0.028575905
Pno1,1.568,1.544,0.028575905
Atl2,1.686,1.536,0.029107171
Tfrc,1.866,1.515,0.030549211
Pik3cd,1.106,1.511,0.03083188
Gng12,0.661,1.499,0.031695675
Aldh1b1,1.691,1.498,0.031768741
Xxylt1,3.124,1.494,0.032062693
Icosl,2.766,1.489,0.032433962
Zfp217,1.378,1.488,0.03250873
Snx2,1.531,1.484,0.032809529
Zswim1,1.212,1.483,0.032885163
Jund,2.115,1.481,0.033036954
Tes,0.811,1.472,0.033728731
Zmynd19,1.591,1.458,0.034833732
Pde12,1.407,1.455,0.035075187
Pdcd4,2.08,1.448,0.035645113
Traf5,0.759,1.447,0.035727284
Wdr74,1.418,1.444,0.035974934
Zfp53,0.719,1.433,0.03689776
Tut1,1.416,1.425,0.03758374
Mir17hg,2.046,1.417,0.038282474
1600014C10Rik,1.565,1.407,0.039174188
Ifrd2,1.594,1.406,0.039264494
Tnfsf10,1.652,1.398,0.039994475
Ube2l6,4.678,1.395,0.040271703
Rras2,1.539,1.394,0.040364539
Hivep1,0.678,1.393,0.040457589
Lrrfip1,0.825,1.384,0.04130475
Gm13546,1.635,1.375,0.04216965
Trmt61a,1.994,1.37,0.042657952
Adamtsl4,1.228,1.366,0.043052661
Rmdn3,1.584,1.338,0.045919801
Ipo4,1.821,1.337,0.046025657
Slc35b4,1.312,1.335,0.046238102
Prkab1,0.744,1.325,0.047315126
Ptgir,0.161,1.32,0.047863009
Ipo5,1.414,1.319,0.047973345
Pprc1,1.82,1.312,0.048752849
Arhgef3,1.321,1.31,0.048977882
Gnaq,1.723,1.308,0.049203954
Vmp1,1.441,1.297,0.05046613
Gm19585,1.75,1.295,0.050699071
Snx29,1.252,1.293,0.050933087
B430306N03Rik,1.505,1.277,0.052844525
Cul2,1.228,1.257,0.055335011
Spout1,1.395,1.251,0.056104798
Car12,1.868,1.239,0.057676646
N4bp1,2.173,1.233,0.058479008
Cdh1,21.469,1.226,0.059429216
Tnfaip3,2.622,1.224,0.059703529
Lyar,1.489,1.211,0.061517687
Tex9,0.654,1.206,0.062230029
Cisd1,1.396,1.19,0.064565423
Tmco3,1.386,1.184,0.065463617
Mgat1,1.282,1.177,0.066527316
Selenos,1.201,1.164,0.068548823
B3galt4,1.266,1.162,0.06886523
Crtap,1.403,1.161,0.06902398
Pecam1,0.834,1.154,0.07014553
Epcam,0.577,1.154,0.07014553
Sgpp1,1.427,1.153,0.070307232
Med7,1.952,1.147,0.071285303
Mrps10,1.462,1.141,0.07227698
Stat5a,1.478,1.137,0.072945751
Mif4gd,0.76,1.137,0.072945751
Ddx31,1.461,1.134,0.073451387
Kdm6b,0.663,1.133,0.07362071
Lif,4.343,1.13,0.074131024
Casp6,1.206,1.12,0.075857758
Mrpl47,1.341,1.119,0.076032628
Net1,1.199,1.097,0.079983426
Gm36931,1.409,1.087,0.081846479
Rbpj,1.59,1.069,0.085310011
Zbtb38,1.662,1.062,0.086696188
Ramp3,0.696,1.058,0.087498378
Lrrc32,5.05,1.054,0.08830799
Gm44292,1.89,1.051,0.088920112
Wtap,1.578,1.051,0.088920112
Slc9a6,1.579,1.042,0.090782053
Atp6v1a,1.16,1.039,0.091411324
Arhgap31,0.779,1.037,0.09183326
Cited2,0.646,1.036,0.092044957
Hvcn1,0.718,1.035,0.092257143
Zfp120,1.405,1.033,0.092682982
Spata5,1.383,1.033,0.092682982
Clcn3,1.447,1.025,0.094406088
Heatr3,1.59,1.018,0.095940063
A630081D01Rik,1.354,1.017,0.096161228
Gemin8,1.673,1.007,0.098401111
Hgh1,1.26,0.992,0.101859139
Cd9,0.725,0.988,0.10280163
Taf1d,1.241,0.983,0.103992017
Nedd9,0.845,0.97,0.107151931
Riok2,1.27,0.968,0.107646521
Abhd2,0.868,0.967,0.107894672
Gpr183,1.398,0.966,0.108143395
Tsen2,1.244,0.963,0.108893009
Dennd4c,0.637,0.935,0.116144861
Pla2g15,0.622,0.932,0.116949939
Nol6,1.412,0.931,0.117219537
Cpt1a,0.486,0.928,0.118032064
Lpxn,0.558,0.919,0.120503594
Rara,1.318,0.909,0.123310483
Map3k8,1.409,0.906,0.124165231
Acsl4,1.206,0.905,0.124451461
Gk,1.807,0.904,0.124738351
Ltv1,1.375,0.903,0.125025903
Iqsec1,0.594,0.897,0.126765187
Cd164,1.217,0.891,0.128528666
St7,0.62,0.887,0.129717927
Nle1,1.859,0.884,0.130617089
Slc14a1,1.397,0.881,0.131522483
Ppp1r21,0.754,0.878,0.132434154
Tmem123,0.692,0.877,0.132739446
Tbc1d2b,1.305,0.869,0.135207256
Capza2,1.227,0.866,0.136144468
Bcl2l11,1.309,0.845,0.142889396
Socs3,1.473,0.844,0.14321879
Ankrd49,1.355,0.836,0.145881426
Batf,1.351,0.828,0.148593564
Nol11,1.332,0.826,0.149279441
Slc25a25,1.318,0.817,0.152405275
Mapk6,1.274,0.815,0.153108746
Clcn5,1.555,0.814,0.153461698
Grpel2,1.388,0.81,0.154881662
Ikbke,1.145,0.808,0.155596563
Pdzd11,1.336,0.799,0.158854675
Kantr,0.931,0.79,0.16218101
Spen,0.787,0.786,0.163681652
Trmt61b,1.717,0.785,0.164058977
Foxn3,1.31,0.785,0.164058977
Gm38228,0.872,0.774,0.168267406
Gsto1,1.192,0.768,0.170608239
Pop1,1.787,0.748,0.178648757
Klhl25,0.707,0.747,0.179060585
Klhl18,0.849,0.744,0.180301774
Ppp1r16b,1.325,0.741,0.181551566
Mapre2,1.13,0.737,0.183231442
Tuba1b,0.912,0.735,0.1840772
Tra2b,1.233,0.725,0.188364909
Ppid,1.414,0.711,0.194536008
Creld2,1.148,0.708,0.195884467
Clic4,1.184,0.698,0.200447203
Glrx,0.727,0.694,0.202301918
Lrmp,1.176,0.691,0.203704208
Slc52a3,0.554,0.684,0.207014135
Slc30a4,1.277,0.683,0.207491352
Slc19a1,1.482,0.683,0.207491352
Xylt1,1.349,0.674,0.211836114
Mbnl1,1.323,0.673,0.212324446
Cox10,1.253,0.673,0.212324446
Tfap4,1.93,0.671,0.213304491
Zfp658,1.443,0.667,0.215278173
Sec24d,0.652,0.667,0.215278173
Ncor2,0.769,0.666,0.215774441
Gbp5,1.645,0.658,0.219785987
Mbnl3,1.292,0.657,0.220292646
Pisd,1.151,0.656,0.220800473
Ptger4,1.434,0.652,0.222843515
Septin2,1.17,0.651,0.223357222
Urb1,1.54,0.636,0.231206479
Mon1b,1.245,0.628,0.235504928
Nek6,1.553,0.627,0.236047823
Vhl,0.827,0.625,0.237137371
Gatc,1.216,0.623,0.238231947
Irf4,1.818,0.622,0.238781128
Ski,0.931,0.615,0.24266101
Zfp609,1.224,0.609,0.24603676
Snora31,0.783,0.606,0.247742206
Dpy19l3,0.835,0.603,0.249459473
Fasl,0.528,0.599,0.251767693
Immt,1.093,0.597,0.2529298
St3gal4,0.746,0.596,0.253512863
Brwd1,0.829,0.595,0.254097271
Abcg2,1.171,0.594,0.254683025
Kif23,0.812,0.59,0.257039578
Irf2bp2,0.824,0.58,0.263026799
Emc6,1.16,0.58,0.263026799
Rrp8,1.252,0.575,0.266072506
Tbc1d16,1.191,0.57,0.26915348
Nup62,1.141,0.567,0.271019163
Lfng,0.694,0.564,0.272897778
Socs2,1.528,0.547,0.283791903
Klhdc2,1.242,0.545,0.285101827
Cltc,1.45,0.543,0.286417797
Akr1c13,1.148,0.525,0.298538262
Stat4,0.894,0.511,0.308318795
Abtb2,1.135,0.51,0.309029543
Dnah8,1.113,0.508,0.310455959
Cars,1.195,0.501,0.315500462
Pou2af1,0.521,0.498,0.317687407
Secisbp2l,0.905,0.492,0.322106879
E230001N04Rik,0.762,0.49,0.323593657
Gm49616,1.378,0.487,0.325836701
Scly,1.229,0.483,0.328851631
Nop14,1.231,0.482,0.329609712
Sh3bp2,1.32,0.478,0.332659553
Osgin2,0.844,0.473,0.336511569
Cd53,1.113,0.469,0.339625273
Dynll1,0.853,0.465,0.342767787
Slc4a7,0.824,0.46,0.34673685
Trio,0.848,0.458,0.348337315
Sipa1l3,0.861,0.453,0.352370871
Hivep3,0.764,0.451,0.353997341
Kctd20,1.08,0.448,0.356451133
Gm38062,1.249,0.443,0.360578643
Usp39,0.723,0.433,0.368977599
Selenon,1.576,0.431,0.370680722
Rbbp6,0.935,0.429,0.372391706
Plekha1,0.904,0.426,0.374973002
Utp25,1.116,0.42,0.380189396
Nebl,1.671,0.414,0.385478358
Samsn1,1.077,0.411,0.388150366
Pim2,1.109,0.41,0.389045145
Gpn1,1.15,0.409,0.389941987
Ldha,0.946,0.406,0.392644935
Tbc1d17,0.916,0.403,0.39536662
Ficd,0.805,0.401,0.397191549
Gm43331,1.152,0.401,0.397191549
Kmt5a,1.191,0.4,0.398107171
Atf1,1.108,0.397,0.400866718
Eif2b2,0.912,0.38,0.416869383
Mettl2,1.123,0.377,0.419758984
Gm42595,1.28,0.376,0.420726628
Fam129a,1.365,0.371,0.425598413
1700030K09Rik,0.82,0.355,0.441570447
Slc9a3r1,0.91,0.35,0.446683592
Plekho1,1.48,0.35,0.446683592
Plgrkt,1.058,0.348,0.44874539
Auh,0.909,0.347,0.449779855
St8sia4,0.825,0.345,0.451855944
Gm43581,1.15,0.342,0.45498806
Triap1,1.184,0.34,0.45708819
Cyp4f16,1.071,0.335,0.462381021
Stap1,1.051,0.329,0.468813382
Mbd1,0.846,0.324,0.474241985
Tnfaip8,1.079,0.324,0.474241985
Rps6kc1,1.481,0.323,0.475335226
Chchd4,1.077,0.323,0.475335226
Sac3d1,0.852,0.316,0.483058802
Sdccag8,1.033,0.313,0.486407206
Mrps18c,1.084,0.312,0.48752849
Egr2,1.201,0.309,0.490907876
Med15,0.975,0.305,0.495450191
Fam234b,1.099,0.304,0.496592321
Zfp459,0.759,0.303,0.497737085
Abi2,0.806,0.303,0.497737085
Acbd4,1.136,0.297,0.504661298
Slc16a1,1.42,0.295,0.506990708
Vrk1,1.074,0.278,0.527229861
Tmem39a,1.093,0.278,0.527229861
Inpp5a,1.087,0.276,0.529663444
Gm38365,1.112,0.274,0.532108259
Flot1,1.067,0.268,0.539510623
Ptch1,0.942,0.267,0.540754323
Jak2,0.963,0.266,0.54200089
Uck2,1.174,0.262,0.547015963
Mid1,0.847,0.259,0.550807696
Tmed8,0.828,0.257,0.553350109
Creb3l2,1.083,0.256,0.554625713
Tmem106a,0.87,0.254,0.557185749
Sell,0.954,0.252,0.559757601
Bloc1s6,0.932,0.248,0.564936975
Nod1,0.808,0.246,0.567544605
Nme6,0.911,0.238,0.578096047
Snap47,1.079,0.236,0.580764418
Hspa5,0.95,0.224,0.597035287
B3gat3,1.231,0.223,0.598411595
Zc3h12a,1.11,0.217,0.60673633
Tcerg1,0.921,0.215,0.609536897
Washc2,0.942,0.201,0.629506183
Qsox2,1.187,0.199,0.632411851
Setdb1,0.961,0.199,0.632411851
Cry1,1.128,0.195,0.638263486
D10Wsu102e,1.069,0.195,0.638263486
Dgat2,1.597,0.193,0.641209577
Rbsn,1.07,0.193,0.641209577
Zc3h11a,1.085,0.19,0.645654229
Pms2,1.042,0.173,0.671428853
Pxk,0.951,0.168,0.679203633
Hyal2,0.81,0.163,0.68706844
Tgm2,3.149,0.162,0.688652296
Manf,1.028,0.162,0.688652296
Gm11707,1.035,0.161,0.690239804
Jtb,1.036,0.159,0.693425806
Rab35,1.082,0.158,0.695024318
Cbl,0.966,0.158,0.695024318
Kif13b,0.932,0.152,0.704693069
Alg2,1.073,0.151,0.706317554
Slamf6,0.964,0.147,0.71285303
Tnfrsf1b,0.934,0.144,0.717794291
Ifi30,0.948,0.141,0.722769804
Irs2,0.927,0.139,0.726105957
Vps37a,0.963,0.137,0.72945751
Pgm2l1,0.948,0.126,0.748169501
Hhat,0.9,0.126,0.748169501
Cnst,1.048,0.122,0.755092228
Xrcc2,0.911,0.121,0.756832895
Ttl,1.133,0.118,0.76207901
Efl1,0.962,0.118,0.76207901
Errfi1,1.096,0.114,0.76913044
Comt,1.025,0.113,0.770903469
Jmjd6,0.97,0.109,0.778036551
Zcchc2,1.076,0.109,0.778036551
Eif4a1,1.092,0.108,0.779830111
Flvcr1,1.016,0.104,0.78704579
Prps1,1.085,0.102,0.790678628
Sec23b,0.977,0.095,0.803526122
Rrs1,1.273,0.09,0.812830516
Cd44,1.127,0.09,0.812830516
Itpripl1,0.978,0.088,0.816582371
Pacc1,0.958,0.086,0.820351544
Syngr2,1.021,0.085,0.82224265
Pim3,1.158,0.083,0.82603795
Elac2,0.99,0.08,0.831763771
Atad3a,0.994,0.078,0.835603018
Gm44321,1.097,0.076,0.839459987
Xdh,0.951,0.074,0.843334758
Ctsc,0.986,0.074,0.843334758
Sdf2l1,1.041,0.073,0.845278845
Emilin1,0.972,0.073,0.845278845
Gm5547,1.083,0.07,0.851138038
Ccdc62,1.387,0.061,0.868960429
F2r,0.992,0.054,0.8830799
Slco4a1,0.969,0.051,0.889201118
Sypl,1.012,0.048,0.895364766
Dusp22,0.881,0.045,0.901571138
Tmem41a,0.982,0.044,0.903649474
Sdc4,1.058,0.043,0.905732601
Camk2d,0.991,0.041,0.909913273
Pfkfb4,1.033,0.038,0.91622049
Gsn,0.966,0.033,0.926829823
Otulin,0.934,0.03,0.933254301
Actr5,1.057,0.029,0.935405674
Wdr12,0.992,0.027,0.939723311
Gm43753,1.018,0.025,0.944060876
Cd69,1.005,0.021,0.952796164
Ankrd40,0.982,0.019,0.957194071
Smad7,0.989,0.016,0.963829024
Etv5,0.896,0.015,0.966050879
Jmjd1c,0.992,0.015,0.966050879
Tarbp2,1.001,0.008,0.981747943
Jmjd4,1.017,0.007,0.984011106
Ppargc1b,1.005,0.005,0.988553095
Acyp1,1.072,0.001,0.997700064
Ffar2,1,0,1
Ccl24,1,0,1
Gm13899,1,0,1
Mgl2,1,0,1
Dab2,1,0,1
Cbr3,1,0,1
AA467197,1,0,1
Pdcd1lg2,1,0,1
Slc7a2,1,0,1
Ccl17,1,0,1
Nfil3,1,0,1
B3gnt7,1,0,1
Cd209e,1,0,1
Nuak1,1,0,1
Apol7c,1,0,1
Ier3,1,0,1
Pgf,1,0,1
Fam20c,1,0,1
Pparg,1,0,1
Gja1,1,0,1
Plekhf1,1,0,1
Car4,1,0,1
Serpina3g,1,0,1
Gm19434,1,0,1
Ifng,1,0,1
Baiap3,1,0,1
Ahr,1,0,1
Dlk2,1,0,1
Sphk1,1,0,1
Prnp,1,0,1
Lifr,1,0,1
Gzma,1,0,1
Tuba8,1,0,1
Gm5345,1,0,1
Mrc1,1,0,1
Ddx4,1,0,1
Serpina3f,1,0,1
Cidea,1,0,1
Kcnk13,1,0,1
Tmem132a,1,0,1
Scimp,1,0,1
Pxdc1,1,0,1
Pkib,1,0,1
Gm47445,1,0,1
Gm17767,1,0,1
Gm48236,1,0,1
4933406C10Rik,1,0,1
Sh2b2,1,0,1
Slc15a3,1,0,1
Bhlhe41,1,0,1
A630091E08Rik,1,0,1
Bcar3,1,0,1
Il18rap,1,0,1
Ptgs1,1,0,1
Klhl33,1,0,1
Klf4,1,0,1
A930007I19Rik,1,0,1
Adam8,1,0,1
Arg1,1,0,1
Gna15,1,0,1
Gm16201,1,0,1
Prkar1b,1,0,1
Cass4,1,0,1
Fcgr2b,1,0,1
Batf3,1,0,1
Gm44103,1,0,1
Eps8,1,0,1
Gm8221,1,0,1
4833419F23Rik,1,0,1
Tmcc2,1,0,1
Tmem26,1,0,1
Lurap1,1,0,1
Rnf24,1,0,1
Nrp2,1,0,1
Trgc4,1,0,1
Adgrl2,1,0,1
Kcnk5,1,0,1
Slc2a6,1,0,1
Eaf2,1,0,1
F10,1,0,1
Chst11,1,0,1
Hacd1,1,0,1
Gm6566,1,0,1
Cyp7b1,1,0,1
Kynu,1,0,1
Srl,1,0,1
Kmo,1,0,1
Dhrs3,1,0,1
Snx8,1,0,1
Trgj4,1,0,1
Rgl1,1,0,1
Gfi1b,1,0,1
Pcyox1l,1,0,1
Plbd1,1,0,1
Plac8,1,0,1
Gm31718,1,0,1
Naip6,1,0,1
Dbndd2,1,0,1
Plscr1,1,0,1
Lilr4b,1,0,1
Hk2,1,0,1
Kif1a,1,0,1
Gm16982,1,0,1
Sct,1,0,1
Rab44,1,0,1
Akap7,1,0,1
H2-DMb1,1,0,1
Plcd3,1,0,1
Fbln2,1,0,1
Ccl2,1,0,1
Gm17764,1,0,1
Cd40,1,0,1
BC035044,1,0,1
Clec10a,1,0,1
Gm28942,1,0,1
Trgv2,1,0,1
Kcnn3,1,0,1
Fam43a,1,0,1
Spry4,1,0,1
Ifi204,1,0,1
Clec7a,1,0,1
Rasgef1b,1,0,1
Lima1,1,0,1
Gcnt1,1,0,1
Lilra6,1,0,1
Morrbid,1,0,1
Tnfrsf21,1,0,1
Trim30c,1,0,1
Gm4279,1,0,1
Scn4a,1,0,1
Kifc3,1,0,1
Fcer2a,1,0,1
Havcr2,1,0,1
Hfe,1,0,1
Itsn1,1,0,1
Tlr4,1,0,1
Mtfp1,1,0,1
Cercam,1,0,1
Gm33424,1,0,1
Ffar1,1,0,1
Gm47828,1,0,1
Clec5a,1,0,1
Siglecg,1,0,1
Gvin1,1,0,1
Tiam1,1,0,1
Tsga10,1,0,1
I830077J02Rik,1,0,1
Gm43621,1,0,1
Zc3h12c,1,0,1
Gm37881,1,0,1
Hk3,1,0,1
Fgr,1,0,1
Tcf7l2,1,0,1
Trem2,1,0,1
Il5ra,1,0,1
Kif9,1,0,1
Wdfy4,1,0,1
Bsn,1,0,1
Lacc1,1,0,1
Tlr8,1,0,1
Gm4258,1,0,1
Ell2,1,0,1
Fcrl5,1,0,1
Gm4070,1,0,1
Csf2rb,1,0,1
0610040J01Rik,1,0,1
1700027J07Rik,1,0,1
2010016I18Rik,0.584,2.989,0.001025652
2610035D17Rik,0.856,0.505,0.312607937
4930471E19Rik,1,0,1
A530010L16Rik,1,0,1
Abi3,0.546,1.437,0.036559479
Adgre4,1,0,1
Agfg2,0.509,0.835,0.146217717
AI837181,0.66,0.867,0.135831345
AI839979,1,0,1
Ankrd13d,0.731,0.602,0.250034536
Apol7e,0.555,1.97,0.010715193
Apol9b,1,0,1
Arhgap9,0.558,1.236,0.058076442
Arhgef18,0.56,2.436,0.003664376
Arl11,1,0,1
Arrb2,0.468,2.445,0.003589219
Arsi,1,0,1
Atf7ip,0.659,2.34,0.004570882
Atp10d,0.718,1.407,0.039174188
Atp1b1,0.513,2.606,0.002477422
B3gnt8,1,0,1
Bambi-ps1,0.221,1.651,0.022335722
Btbd11,0.585,0.68,0.208929613
C5ar1,1,0,1
CAAA01098150.1,1,0,1
Card11,0.674,2.093,0.00807235
Card19,0.414,1.39,0.040738028
Casp2,0.82,0.917,0.121059813
Ccm2,0.617,3.889,0.000129122
Ccng2,0.524,2.047,0.008974288
Ccpg1,0.674,0.726,0.187931682
Cd27,0.334,2.243,0.005714786
Cdh24,0.42,1.249,0.056363766
Cep164,0.68,2.367,0.004295364
Cir1,0.453,3.396,0.000401791
Clec4e,1,0,1
Cpm,0.248,2.985,0.001035142
Ctdsp1,0.967,0.165,0.683911647
Ctdsp2,0.658,0.988,0.10280163
Ctdspl,1,0,1
Cxxc5,1,0,1
Cyp27a1,1,0,1
Cyp2s1,0.457,1.154,0.07014553
D830025C05Rik,0.868,0.237,0.579428696
Ddah2,1,0,1
Ddit4,0.121,2.847,0.001422329
Dennd3,0.644,0.713,0.193642196
Dennd6a,0.914,0.203,0.626613865
Dtx1,0.059,5.059,8.73E-06
Dubr,0.63,1.911,0.012274392
Dyrk1b,0.624,1.181,0.06591739
Edaradd,1,0,1
Efcab5,1,0,1
Emp3,0.405,4.073,8.45E-05
Ero1lb,0.788,0.364,0.432513831
Eya2,0.354,1.823,0.01503142
F3,1,0,1
F630028O10Rik,1,0,1
Fam107b,0.579,2.895,0.001273503
Fam167a,1,0,1
Fam187b,1,0,1
Fzd1,1,0,1
Galnt10,0.623,1.453,0.035237087
Gdpd3,1,0,1
Gfod1,1,0,1
Gm10720,0.905,0.103,0.788860118
Gm11346,0.656,2.376,0.004207266
Gm11766,0.57,0.679,0.209411246
Gm12346,1,0,1
Gm13369,0.407,1.819,0.015170504
Gm15417,1,0,1
Gm15922,1,0,1
Gm16587,1,0,1
Gm20531,0.66,1.886,0.013001696
Gm26642,1,0,1
Gm27201,0.825,0.38,0.416869383
Gm37058,1,0,1
Gm38244,0.615,3.205,0.000623735
Gm42646,0.331,3.344,0.000452898
Gm43221,1,0,1
Gm43388,1,0,1
Gm43637,1,0,1
Gm47135,1,0,1
Gm4814,1,0,1
Gm49588,1,0,1
Gm9967,0.818,0.306,0.494310687
Gpr137b,1,0,1
Gpr83,0.794,0.376,0.420726628
Grk2,0.783,1.442,0.036140986
Gtf2ird2,0.668,1.313,0.048640721
H2bc6,0.966,0.061,0.868960429
Hbp1,0.813,0.75,0.177827941
Hck,1,0,1
Hdac7,0.691,1.355,0.044157045
Heg1,0.418,3.97,0.000107152
Hlcs,0.926,0.272,0.534564359
Hs3st1,1,0,1
Iffo1,0.905,0.377,0.419758984
Ifit1bl1,0.618,1.393,0.040457589
Ighg3,1,0,1
Ighv1-50,1,0,1
Il16,0.689,3.201,0.000629506
Il17ra,0.915,0.358,0.438530698
Ip6k3,1,0,1
Irak2,0.644,1.035,0.092257143
Irgc1,0.285,1.016,0.096382902
Itga4,0.813,1.71,0.019498446
Itgal,0.776,1.691,0.020370421
Kif21b,0.528,3.402,0.000396278
Klhl6,0.657,2.178,0.006637431
Kmt2a,0.84,1.263,0.054575786
Lbh,0.717,1.638,0.023014418
Ldlrap1,0.369,3.417,0.000382825
Lyl1,1,0,1
Lysmd2,0.605,0.5,0.316227766
Map4k4,0.616,2.189,0.006471426
Mfsd7a,1,0,1
Mib2,0.706,1.034,0.092469817
Mid1ip1,0.755,0.373,0.423642966
Mrtfa,0.996,0.009,0.979489985
Mta3,0.748,0.928,0.118032064
Mxd4,0.494,1.331,0.046665938
Myb,0.276,1.339,0.045814189
Myo1f,0.905,0.127,0.746448758
Ncmap,0.196,4.797,1.60E-05
Neat1,0.648,1.99,0.01023293
Nfam1,0.627,0.531,0.294442163
Nfatc1,0.701,2.686,0.00206063
Nfatc2,0.565,1.275,0.053088444
Nhsl2,1,0,1
Nxpe1-ps,1,0,1
Nxpe4,1,0,1
Padi2,0.378,2.739,0.001823896
Pde7a,0.31,2.211,0.006151769
Phxr4,0.399,2.777,0.001671091
Pitpnm1,0.581,3.47,0.000338844
Plaur,0.283,0.986,0.103276141
Plekhg3,1,0,1
Plxna4os1,1,0,1
Pnpla7,0.602,1.553,0.027989813
Ppl,1,0,1
Prr33,0.455,0.651,0.223357222
Pstpip1,0.892,0.449,0.355631319
Ptafr,1,0,1
Qprt,0.446,1.212,0.061376201
Qrfp,1,0,1
Rab30,1,0,1
Rab3ip,0.528,3.218,0.000605341
Rab7b,1,0,1
Rap1gap2,1,0,1
Rapgef4,0.674,1.608,0.024660393
Rapgef4os2,0.257,0.791,0.161808004
Rarg,0.394,1.748,0.017864876
Rasgrp2,0.244,1.718,0.019142559
Rassf4,1,0,1
Rbm47,1,0,1
Retreg1,0.477,2.011,0.009749896
Rgs2,0.522,1.52,0.030199517
Rhobtb1,1,0,1
Rps6ka1,0.484,3.353,0.000443609
S100a10,0.367,6.484,3.28E-07
S1pr5,1,0,1
Sesn1,0.418,1.88,0.013182567
Sgk1,0.225,4.103,7.89E-05
Sgms2,1,0,1
Sh2d3c,0.666,1.957,0.011040786
Sipa1l2,0.473,1.621,0.023933158
Slc12a6,0.738,0.841,0.144211535
Slc43a2,0.288,2.201,0.006295062
Slc45a3,1,0,1
Smad3,0.427,2.912,0.001224616
Smad4,0.661,1.583,0.026121614
Snx20,0.594,1.792,0.016143586
Spata13,0.579,1.927,0.011830416
Spib,1,0,1
Spn,0.383,5.267,5.41E-06
Stard8,1,0,1
Stk10,0.622,1.455,0.035075187
Synpo,1,0,1
Tbl1xr1,0.636,1.606,0.024774221
Tcf7,0.403,3.458,0.000348337
Tdrp,0.36,1.968,0.010764652
Themis2,1,0,1
Tifa,1,0,1
Tlr13,1,0,1
Tmcc3,0.792,0.297,0.504661298
Tmco6,0.55,1.275,0.053088444
Tnfaip8l2,0.478,2.341,0.004560369
Tpcn1,0.423,2.837,0.001455459
Traj18,0.417,3.541,0.00028774
Trav7-4,0.547,0.882,0.13121999
Treml4,1,0,1
Trp53inp1,0.684,2.381,0.004159106
Tubb2a,0.317,3.382,0.000414954
Unc119b,0.61,0.892,0.128233058
Vamp5,0.858,0.602,0.250034536
Wnt6,1,0,1
Zbtb42,0.588,0.843,0.143548943
Zbtb7b,0.4,1.418,0.038194427
Inpp5k,0.926,0.495,0.319889511
Tspan32,0.593,3.322,0.000476431
Zfp36l2,0.246,2.963,0.00108893
Fxyd5,0.51,3.41,0.000389045
Slc15a4,1.005,0.039,0.914113241
Susd3,0.679,1.388,0.040926066
Runx3,0.676,0.886,0.130016958
Ccser2,0.597,0.776,0.167494288
Rere,0.898,0.431,0.370680722
Rnf144a,0.232,4.617,2.42E-05
Fcrla,1,0,1
5830408C22Rik,0.547,0.965,0.108392691
Calhm2,0.763,1.024,0.094623716
Fam214a,0.654,0.75,0.177827941
Klhl24,0.736,0.673,0.212324446
Atp2b4,1,0,1
Mknk2,0.879,0.38,0.416869383
Sun2,0.632,1.082,0.082794216
Usf1,1.016,0.074,0.843334758
Mfsd6,0.568,1.209,0.06180164
Hhex,1,0,1
Oxr1,0.794,0.702,0.198609492
Tbxa2r,0.369,2.341,0.004560369
Frat1,0.792,1.21,0.0616595
Stim1,0.51,2.671,0.002133045
Trem3,1,0,1
Slc8b1,0.81,0.256,0.554625713
Tbx21,1,0,1
Ampd3,0.413,1.195,0.063826349
Atp13a2,0.404,2.274,0.005321083
Atg13,0.948,0.339,0.458141887
Myadm,1,0,1
Lrrc8a,0.661,1.156,0.06982324
Tmem51,1,0,1
Atxn7l1,0.869,0.781,0.165576996
Lpcat4,0.312,2.047,0.008974288
Dcaf12,0.844,0.8,0.158489319
Sit1,0.517,3.289,0.000514044
Zfp467,0.411,2.185,0.006531306
Akna,0.542,1.935,0.011614486
Crebrf,0.78,0.648,0.224905461
Pias3,0.642,0.982,0.104231743
Sesn3,1.046,0.307,0.493173804
Ramp1,0.429,3.42,0.000380189
Grk6,0.721,2.451,0.003539973
Gm15261,1,0,1
Ssbp3,0.448,4.004,9.91E-05
Gpr137b-ps,0.748,0.932,0.116949939
Ltb,0.555,1.739,0.018238957
Gm47087,0.458,1.629,0.023496328
Ppp6r2,0.667,1.027,0.093972331
Arl5c,0.182,2.083,0.008260379
F730311O21Rik,0.644,0.13,0.741310241
Map3k5,1.058,0.01,0.977237221
Trim35,0.875,0.446,0.358096437
Vamp1,0.593,1.87,0.013489629
Gm20605,0.835,0.604,0.248885732
Gucd1,0.424,4.657,2.20E-05
Zfp760,0.838,0.271,0.535796658
Mast4,0.907,0.213,0.612350392
Neurl3,1.063,0.176,0.666806769
Chst12,0.839,0.392,0.405508535
Pcnx,0.76,0.953,0.111429453
Tle3,0.69,0.75,0.177827941
Abhd17a,0.828,0.91,0.123026877
Rnf166,0.487,2.596,0.002535129
Gm15411,1,0,1
D130062J10Rik,1,0,1
Apobec1,1.075,0.015,0.966050879
Arhgap45,0.708,2.236,0.005807644
Cblb,0.915,0.474,0.335737614
Fcgr4,1,0,1
Orai2,0.51,1.886,0.013001696
Ssh2,0.802,1.327,0.047097733
Zmiz1,0.919,0.285,0.518800039
Pex11g,0.471,1.127,0.074644876
Prxl2c,0.505,1.983,0.010399202
Degs1,0.713,1.865,0.013645831
Frmd8,0.491,3.009,0.00097949
Ube4b,0.606,0.716,0.192309173
Zfyve1,1.082,0.134,0.734513868
Nol4l,1,0,1
Fam111a,0.545,2.428,0.003732502
Prrc2b,0.684,2.823,0.001503142
Tcp11l2,1.011,0.053,0.88511561
Gm45606,0.378,1.603,0.024945947
Ccr7,0.576,3.007,0.000984011
Fbxo25,0.822,0.657,0.220292646
Pip4k2a,0.885,0.353,0.443608644
Smpd1,0.819,0.831,0.147570653
Fam149b,0.82,0.999,0.100230524
Id3,0.059,2.495,0.003198895
Psme2b,0.641,1.288,0.051522864
Lzts2,1,0,1
Ahdc1,0.396,1.523,0.029991625
Mocs1,0.942,0.094,0.805378441
Traf4,0.423,2.016,0.00963829
Dgka,0.529,5.641,2.29E-06
Gse1,0.992,0.002,0.995405417
Trim34a,1.104,0.731,0.185780446
Ttyh3,0.466,3.074,0.000843335
Ralbp1,0.508,3.026,0.00094189
Slc28a2,0.884,0.86,0.138038426
Herpud2,0.44,3.008,0.000981748
Jade2,1.11,0.431,0.370680722
Anapc2,0.698,0.953,0.111429453
Znrf1,0.92,0.323,0.475335226
Cmtm7,0.551,1.293,0.050933087
Iglv3,1,0,1
Emc9,0.885,0.337,0.460256574
Smc4,0.584,3.379,0.00041783
Rnf115,0.459,1.216,0.0608135
Vrk2,1.029,0.077,0.837529282
Klf2,0.505,1.966,0.01081434
Prkab2,0.971,0.037,0.918332596
Tiam2,1,0,1
Crat,0.479,1.965,0.010839269
Gm37474,0.865,0.585,0.260015956
Arhgef12,0.87,0.168,0.679203633
Paqr7,0.362,2.883,0.001309182
Crip1,0.487,1.763,0.017258379
Gm21738,1.062,0.224,0.597035287
Slc44a2,1.065,0.639,0.229614865
Akap13,0.975,0.221,0.601173737
Atp1a3,1,0,1
Abr,0.499,3.173,0.000671429
Usp3,1.081,1.035,0.092257143
Tmc6,0.722,2.779,0.001663413
Chst10,0.421,1.922,0.011967405
Dock8,0.874,0.975,0.105925373
Bcr,0.728,0.843,0.143548943
Xpc,1.098,0.59,0.257039578
Gm44135,1,0,1
Mxi1,0.315,4.077,8.38E-05
Cbfa2t3,1,0,1
Vps37b,0.51,3.221,0.000601174
Kit,1,0,1
Id2,0.5,2.271,0.005357967
6430548M08Rik,1,0,1
Cdkn2d,0.636,3.035,0.000922571
Cars2,0.697,1.128,0.074473197
Cd5,0.391,2.631,0.002338837
Dnmbp,0.755,0.413,0.386366977
Usp48,0.652,1.139,0.072610596
C130089K02Rik,0.455,1.132,0.073790423
Pcyox1,0.933,0.095,0.803526122
Pdk2,0.607,1.263,0.054575786
Tent5a,0.344,0.848,0.141905752
Tmem229b,0.894,0.674,0.211836114
Fam78a,0.465,4.46,3.47E-05
2810013P06Rik,1.127,0.18,0.660693448
Arhgef39,0.931,0.113,0.770903469
Cd200,0.823,0.293,0.509330871
Glud1,0.722,0.427,0.374110588
Slc5a11,1,0,1
Ccdc88c,1.009,0.04,0.912010839
Ezr,0.834,1.875,0.013335214
E2f2,0.16,6.163,6.87E-07
Mirt1,0.88,0.495,0.319889511
Atg14,0.752,0.507,0.311171634
Gm10384,1,0,1
Ptpn22,0.738,1.36,0.043651583
Sbf1,0.719,0.734,0.184501542
Spry2,1,0,1
Pde6d,0.846,0.381,0.41591061
Cbx6,0.862,0.236,0.580764418
Stradb,0.401,1.184,0.065463617
Setd3,0.626,1.199,0.063241185
Gm10718,1,0.059,0.872971368
Sh3pxd2a,0.602,1.019,0.095719407
Hpcal1,0.592,3.018,0.000959401
Mboat7,0.624,0.68,0.208929613
Zadh2,1,0.025,0.944060876
A630023P12Rik,1.006,0.031,0.931107875
Gm5431,1,0,1
Pgap1,0.548,1.072,0.084722741
Pilra,1,0,1
Irf2bpl,0.386,1.089,0.081470428
Phf1,0.67,1.152,0.070469307
Usp28,0.511,1.766,0.017139573
Gm21188,1,0,1
Rgs3,0.383,1.662,0.021777098
Gm28053,0.802,0.398,0.39994475
Tmem131l,0.868,1.721,0.019010783
Plekha6,1,0,1
Pycard,0.81,1.035,0.092257143
Sgms1,1.205,1.264,0.054450265
Stom,1,0,1
Cd72,0.536,0.796,0.159955803
Map3k11,0.995,0.001,0.997700064
Ext2,0.771,0.81,0.154881662
Ccs,0.507,3.651,0.000223357
Herc4,0.852,0.535,0.291742701
Slc38a1,0.891,0.828,0.148593564
Lrp1,1,0,1
Pot1b,1.215,0.422,0.378442585
Phf20l1,0.375,1.97,0.010715193
Tpr,0.548,2.482,0.003296097
Aph1c,1,0,1
Idh1,1.006,0.044,0.903649474
Fbxo9,0.793,0.498,0.317687407
Rabgap1l,0.743,1.469,0.033962527
Gltp,0.516,3.268,0.000539511
Rnf41,0.853,0.572,0.267916832
Tfdp2,0.992,0.019,0.957194071
Sephs2,1.209,1.783,0.016481624
Bmf,1,0,1
Cbx7,0.551,2.006,0.009862795
Ccnl2,1.008,0.082,0.827942164
Mcoln1,0.939,0.17,0.676082975
Taf1c,0.846,0.892,0.128233058
Dek,0.731,0.528,0.296483139
Inpp1,0.613,2.136,0.007311391
Lpcat1,0.56,2.28,0.005248075
Ripor2,0.793,1.634,0.023227368
Haus4,0.705,1.028,0.093756201
Ppp1r12c,0.869,0.342,0.45498806
Gm15991,1,0,1
Nr1h3,1.238,0.055,0.881048873
Smagp,1,0,1
9330160F10Rik,0.642,0.532,0.293764965
Cyb5r1,0.947,0.269,0.538269783
Irf8,1.243,0.394,0.403645393
Zfp119b,0.844,0.364,0.432513831
Nsmf,0.436,0.858,0.138675583
Grb7,0.264,0.98,0.104712855
Clec2g,1,0,1
Egln2,0.745,1.018,0.095940063
Rffl,0.869,0.238,0.578096047
Gm48978,0.953,0.138,0.727779805
Arrdc3,0.552,0.541,0.287739841
Msrb2,0.654,1.436,0.036643757
Fcmr,1,0,1
Zswim6,0.666,0.995,0.101157945
Dmac2,1.258,1.267,0.054075432
Nfatc3,0.659,1.484,0.032809529
Pxylp1,0.557,1.554,0.027925438
Rasa4,1.26,0.455,0.350751874
Zbtb2,0.546,2.249,0.005636377
Amz1,0.462,0.819,0.151705037
Pfkfb3,1.083,0.195,0.638263486
Elf4,0.573,1.685,0.020653802
Ptpn21,0.549,1.952,0.011168632
Tmem127,0.992,0.039,0.914113241
Nat8l,1,0,1
Tagln2,0.589,1.964,0.010864256
Cmah,0.615,1.467,0.034119291
Gtf2ird1,0.317,0.945,0.113501082
Nagk,0.811,0.565,0.272270131
Fli1,0.966,0.205,0.623734835
Gm20540,1.269,0.462,0.345143739
Zfp574,0.674,1.128,0.074473197
Cdc14b,0.657,0.98,0.104712855
Nr3c1,0.679,1.12,0.075857758
4632418H02Rik,0.804,0.375,0.421696503
Fbxw4,1.121,0.212,0.613762005
Ppp1r35,0.363,1.353,0.044360864
Rubcn,1.273,1.273,0.05333349
Tgfb1,0.256,1.438,0.036475395
Itpkb,0.611,2.288,0.005152286
Gpcpd1,0.645,2.872,0.001342765
Rb1cc1,0.349,2.075,0.008413951
1810034E14Rik,0.714,1.122,0.075509223
Kdm2b,0.738,0.476,0.33419504
Rbm38,0.545,1.806,0.015631476
Hectd3,0.649,0.721,0.190107828
Faap20,0.714,1.316,0.04830588
Heca,0.882,0.445,0.358921935
Gm27010,1,0,1
Rp9,0.591,1.045,0.090157114
Mbnl2,1.114,0.467,0.341192912
Tmem86a,1,0,1
Inpp5f,0.606,1.736,0.018365383
5530601H04Rik,1.054,0.123,0.753355564
Dnajb14,0.727,0.417,0.382824743
Stx11,1.293,0.351,0.445656248
4930523C07Rik,0.737,1.37,0.042657952
Dnajb2,0.796,0.486,0.326587832
Disp1,1.121,0.306,0.494310687
Tmcc1,0.724,1.05,0.089125094
Tmem151a,1,0,1
Osbpl5,0.848,0.171,0.674528028
Ypel3,0.169,2.528,0.002964831
Fbxl5,0.987,0.049,0.893305484
Zbtb7a,0.484,1.123,0.075335556
Gm26789,0.829,0.402,0.396278034
Psap,0.713,1.031,0.093110788
Cyb561,1,0,1
Gramd1a,0.334,2.845,0.001428894
Ms4a4c,1.18,0.557,0.27733201
Mtmr14,0.426,0.852,0.140604752
Slc49a4,0.79,0.539,0.289067988
Gm20559,1.155,0.685,0.206538016
Pbx2,0.476,1.095,0.080352612
Gm49760,1,0,1
Med30,0.682,0.655,0.221309471
2410006H16Rik,1.043,0.175,0.668343918
Sec24b,0.761,0.648,0.224905461
Gm37488,0.988,0.069,0.853100114
Gfpt1,0.589,1.226,0.059429216
Abca1,0.448,1.28,0.052480746
Card6,0.729,2.153,0.007030723
Limd2,0.554,2.248,0.00564937
Ube3b,0.473,2.131,0.007396053
Adrb2,0.438,2.257,0.005533501
Notch2,0.926,0.341,0.456036916
Adgre5,0.485,1.894,0.012764388
BC037704,1,0,1
Zfp944,1.019,0.065,0.860993752
Clcf1,0.818,1.136,0.073113908
Map1lc3a,0.338,0.979,0.104954243
Prex1,0.722,1.494,0.032062693
Plscr3,0.937,0.173,0.671428853
Eng,0.173,1.366,0.043052661
Kcnn4,0.378,1.508,0.031045596
Sel1l3,1,0,1
Tbc1d10a,0.691,2.578,0.002642409
Calcrl,0.615,0.726,0.187931682
Arid1b,1.018,0.218,0.605340875
Asf1b,0.435,4.423,3.78E-05
Leng9,0.753,0.646,0.225943577
Plekha2,0.777,1.257,0.055335011
Gm11805,1,0,1
Tmed2,0.665,0.862,0.137404198
Ccdc61,0.706,0.58,0.263026799
Dck,0.433,3.329,0.000468813
Dipk1a,0.809,1.073,0.084527885
Polg,0.63,0.718,0.191425593
Tle5,0.663,2.208,0.006194411
Xpa,0.576,0.681,0.208449088
Gm37728,1.102,0.169,0.677641508
Lars2,0.565,2.127,0.007464488
Sfswap,0.639,1.368,0.042854852
Ndfip2,0.73,0.563,0.273526873
Ccdc92,0.226,0.885,0.130316678
Ptpn14,1,0,1
Rassf3,0.394,1.898,0.012647363
Tbcc,0.971,0.174,0.669884609
Tmc8,0.522,3.615,0.000242661
Cers4,0.706,2.495,0.003198895
Rab40c,1.026,0.106,0.783429643
Slc25a27,0.395,1.65,0.022387211
Snip1,1.06,0.284,0.519995997
Plec,0.524,2.325,0.004731513
Csrp1,0.493,3.414,0.000385478
Rfx1,0.479,3.252,0.000559758
Brf1,0.538,2.185,0.006531306
Mrs2,0.742,0.656,0.220800473
Pnrc1,0.187,2.298,0.005035006
Hspbap1,0.755,0.559,0.276057786
Cdyl2,0.509,0.986,0.103276141
Nudt18,0.597,0.737,0.183231442
Srsf11,0.845,0.378,0.418793565
Fam169b,0.938,0.448,0.356451133
Trpc4ap,0.408,1.91,0.012302688
Cpsf4,0.559,2.11,0.007762471
Dclre1b,1.053,0.194,0.639734835
Ppm1m,0.6,0.945,0.113501082
A430035B10Rik,0.751,0.199,0.632411851
Mapk12,1,0,1
Fdft1,1.037,0.04,0.912010839
Rnf145,0.336,2.577,0.0026485
Tedc1,0.647,0.186,0.651628394
A130014A01Rik,0.957,0.03,0.933254301
Acer3,1.045,0.041,0.909913273
Asap1,0.538,1.33,0.046773514
Mlf2,0.417,1.613,0.024378108
Palm,1,0,1
Sipa1,0.383,0.998,0.100461579
Ceacam1,1,0,1
Gba2,0.558,1.708,0.019588447
Abcc5,0.915,0.326,0.472063041
Itgb1,0.373,2.186,0.006516284
Rgl2,0.647,1.918,0.012078138
Slc45a4,0.602,0.777,0.167109061
Adam19,1.213,0.232,0.586138165
Slc25a37,1.355,1.387,0.04102041
Alcam,1,0,1
Cd55,0.537,1.745,0.017988709
Mdm1,0.548,0.487,0.325836701
Pip5k1c,0.856,0.328,0.469894109
Tbcel,0.979,0.087,0.818464788
Cdk2,0.546,3.063,0.000864968
Fiz1,0.767,0.396,0.401790811
Gbp2,1.247,0.626,0.23659197
Gm15564,0.571,1.902,0.012531412
Inafm1,0.515,1.956,0.011066238
N4bp2l1,1.002,0.007,0.984011106
Angpt2,0.648,0.59,0.257039578
Get4,0.532,1.332,0.046558609
Plekhm3,0.54,1,0.1
Btk,1,0,1
L1cam,0.676,0.645,0.226464431
Arhgef1,0.438,1.257,0.055335011
Gnptab,0.887,0.114,0.76913044
Plcl2,1.219,0.34,0.45708819
St3gal1,0.305,2.502,0.003147748
Eva1b,0.454,1.006,0.098627949
Hic1,1,0,1
2010315B03Rik,1.123,0.486,0.326587832
Pygo2,0.546,2.094,0.008053784
Rin3,0.438,2.544,0.002857591
Pole4,0.696,0.618,0.240990543
Adipor1,0.439,1.058,0.087498378
Gm32036,0.555,2.344,0.004528976
Dnajb13,0.716,0.509,0.30974193
Gm37033,0.877,1.347,0.044977985
Cdc25b,0.217,2.264,0.005445027
Gm15675,0.377,1.041,0.090991327
Rgcc,0.601,2.797,0.001595879
Hes1,1,0,1
Dusp2,0.132,1.458,0.034833732
A130071D04Rik,0.985,0.077,0.837529282
Actn1,0.471,1.543,0.02864178
Gm10847,1.19,0.367,0.429536427
Vgll4,0.513,2.237,0.005794287
Ncapd2,0.583,1.725,0.018836491
Xpr1,0.85,0.35,0.446683592
Arhgef10l,1,0,1
Trim14,1.082,0.154,0.701455298
Trim59,0.527,1.614,0.02432204
Ccny,0.501,0.964,0.108642562
S1pr1,0.985,0.125,0.749894209
2210406H18Rik,0.658,0.645,0.226464431
Evi5,1,0,1
Gemin7,0.932,0.21,0.616595002
Gm11342,1,0,1
Gsr,0.375,1.841,0.014421154
Stard5,0.693,1.39,0.040738028
Gpr146,0.818,1.104,0.078704579
Hid1,0.387,2.918,0.001207814
Arap3,1,0,1
Tgfbr2,0.543,0.96,0.10964782
Epn1,0.474,0.782,0.16519618
Itgb7,0.376,1.057,0.087700082
Arfip1,0.843,0.485,0.327340695
Chsy1,1.174,0.209,0.6180164
Mrgpre,1,0,1
Slamf7,1,0,1
Cd6,0.459,4.03,9.33E-05
Zdhhc3,0.662,0.571,0.268534445
Peli1,1.043,0.033,0.926829823
Iscu,0.668,0.558,0.276694165
Ehd4,0.554,1.296,0.050582466
Mx2,1.561,1.05,0.089125094
Hepacam2,1,0,1
Map2k2,0.583,0.697,0.200909281
Prkca,0.389,2.861,0.001377209
Herc6,1.574,1.106,0.078342964
Hsf2,1.159,0.463,0.344349931
Rlf,0.546,1.296,0.050582466
Gnb2,0.359,2.043,0.009057326
Rftn1,0.532,1.059,0.087297137
Esyt1,0.445,1.715,0.019275249
Gm45820,1,0,1
Ube3a,0.383,2.605,0.002483133
Btla,0.891,0.675,0.211348904
Tnfrsf1b,0.934,0.144,0.717794291
Gm49599,0.301,1.519,0.030269134
Castor2,0.512,0.746,0.179473363
Nr4a1,0.662,0.739,0.18238957
Mettl9,0.402,1.327,0.047097733
Ifit2,1.023,0.035,0.922571427
Tmem38b,0.991,0.003,0.993116048
Ephx1,0.588,1.36,0.043651583
Gm37968,1.624,0.988,0.10280163
Rbm17,0.912,0.218,0.605340875
Gga2,0.41,0.978,0.105196187
Yipf4,0.552,0.596,0.253512863
Grk3,1,0,1
Rab32,0.778,0.307,0.493173804
1700012D14Rik,1.598,1.278,0.052722986
Slc46a3,1.635,0.445,0.358921935
Pter,1,0,1
Gm20404,1,0,1
Gm44264,1.001,0.036,0.920449572
Sprtn,1.268,0.248,0.564936975
Kbtbd11,1.228,0.976,0.105681751
Rrad,0.334,1.637,0.023067472
Gm44668,1.25,0.462,0.345143739
Dgkh,1.431,0.937,0.115611224
Zfas1,1.263,1.578,0.026424088
Foxo1,0.508,3.797,0.000159588
Rab6b,0.536,1.405,0.039355008
Arid3b,0.775,1.398,0.039994475
Gbp3,1.68,1.214,0.061094202
Chka,0.615,0.72,0.190546072
Galnt9,0.386,1.768,0.017060824
Kctd7,0.912,0.131,0.739605275
Tmem62,0.838,0.308,0.492039536
BC147527,0.821,1.506,0.031188896
Rflnb,0.452,3.202,0.000628058
Gypc,0.603,2.615,0.00242661
Fam49b,0.505,2.13,0.007413102
Ankrd54,0.818,0.398,0.39994475
Igsf6,0.949,0.167,0.680769359
Map7d1,0.185,3.251,0.000561048
Celf1,0.446,3.14,0.000724436
Sowahc,1,0,1
Selenop,0.557,2.082,0.008279422
Marcks,1,0,1
Ehd1,0.615,1.27,0.05370318
Gm37465,0.934,0.173,0.671428853
Vars,0.974,0.108,0.779830111
2810001G20Rik,0.479,3.06,0.000870964
BE692007,0.673,2.43,0.003715352
Cd99l2,0.469,3.389,0.000408319
Kctd12,1,0,1
Samd9l,1.289,0.611,0.244906324
Ier2,0.384,0.848,0.141905752
Pacs1,0.301,3.11,0.000776247
Crtc2,0.462,1.197,0.063533093
Dusp3,1,0,1
Gm11440,0.849,0.193,0.641209577
Gramd3,0.474,1.313,0.048640721
Zbtb16,1,0,1
Cyth3,0.487,2.523,0.002999163
Prkcd,0.574,1.379,0.041783037
Ms4a6b,1.369,1.965,0.010839269
Tha1,1.56,1.564,0.027289778
Eri1,0.684,0.522,0.30060763
2310061I04Rik,0.526,0.928,0.118032064
Vsig10l,1.821,0.935,0.116144861
Nol7,0.515,0.846,0.142560759
1700017B05Rik,0.864,0.425,0.375837404
Arhgef3,1.321,1.31,0.048977882
Sema4d,1.829,2.669,0.002142891
Map3k3,0.663,1.539,0.028906799
Gm16153,1.687,1.52,0.030199517
Ppm1d,0.247,1.362,0.043451022
Polr2m,0.623,0.694,0.202301918
Gjb2,1,0,1
Eif3f,0.457,0.769,0.170215851
Hgsnat,0.633,0.832,0.14723125
Fam3c,0.532,3.018,0.000959401
Cr2,1,0,1
Gpr34,1.398,0.847,0.142232879
Letm1,0.766,0.697,0.200909281
Tgif1,0.541,1.107,0.07816278
Chd7,0.555,3.794,0.000160694
Cd55os,1,0,1
Tmem214,0.619,0.61,0.245470892
Map2k5,0.499,1.317,0.04819478
Rfx5,0.502,1.183,0.065614527
Stard7,0.478,3.427,0.000374111
Dusp6,0.888,0.677,0.210377844
Wsb1,1.201,1.612,0.024434306
Gpr15,1,0,1
Mospd3,0.218,1.692,0.02032357
Tmem30a,0.455,1.026,0.09418896
Tmem192,0.631,0.538,0.289734359
Klhl25,0.707,0.747,0.179060585
Elovl6,0.72,0.52,0.301995172
Gm17655,1.658,0.979,0.104954243
Cnst,1.048,0.122,0.755092228
Ccdc88b,0.316,2.375,0.004216965
Cdc16,0.676,0.566,0.271643927
Nod1,0.808,0.246,0.567544605
Hibadh,0.666,0.619,0.24043628
Gns,0.362,1.127,0.074644876
Nab2,0.295,3.687,0.000205589
Scaf4,0.301,1.8,0.015848932
Tmem170b,1.195,0.178,0.66374307
Tcf3,0.436,1.166,0.068233869
Borcs6,0.209,1.34,0.045708819
Trappc6b,0.669,0.752,0.177010896
Rab27a,0.573,1.706,0.019678863
Tmem259,0.636,0.395,0.402717034
Entr1,0.618,0.835,0.146217717
Lrch1,0.736,0.792,0.161435856
Lrrc8d,1.239,0.707,0.196336028
Pde4b,0.561,2.323,0.004753352
Irf2,0.693,1.165,0.068391165
Trib2,2.067,4.072,8.47E-05
Selenoo,0.313,1.103,0.078886012
Gm9856,0.728,0.54,0.28840315
Rab36,1,0,1
Uri1,0.513,1.781,0.0165577
Hacd2,0.524,0.938,0.115345326
Kdm4b,0.491,1.353,0.044360864
Plbd2,0.531,0.668,0.214783047
Gpr180,0.841,0.313,0.486407206
Panx1,0.293,1.39,0.040738028
Prmt3,0.952,0.161,0.690239804
Mark4,0.31,1.375,0.04216965
Ptger4,1.434,0.652,0.222843515
Mapre2,1.13,0.737,0.183231442
Sh2b3,0.881,0.242,0.572796031
Mgat4b,1,0,1
Atg3,0.492,0.973,0.106414302
Psmd3,0.718,0.43,0.371535229
Dnajb11,0.691,0.542,0.287078058
Mlxip,0.503,2.681,0.002084491
Slc30a5,0.456,1.24,0.057543994
Steap3,1,0,1
Tmem160,0.291,1.712,0.019408859
Arl10,0.356,1.571,0.026853444
Phf13,0.265,1.32,0.047863009
Lfng,0.694,0.564,0.272897778
Brap,0.332,1.732,0.018535316
Plekho1,1.48,0.35,0.446683592
Dtwd2,0.444,1.965,0.010839269
Xylt2,0.145,4.169,6.78E-05
Umps,1.455,1.722,0.018967059
Map2k6,0.904,0.229,0.59020108
Zfp296,1,0,1
Bcl9l,0.293,3.439,0.000363915
Ifit3b,2.264,0.669,0.21428906
Fgfr1,1,0,1
Ubqln1,0.287,2.947,0.001129796
Susd6,0.533,1.34,0.045708819
Tnfrsf26,1.115,0.407,0.391741877
Insr,0.677,1.528,0.029648314
Uvrag,0.797,0.481,0.330369541
Rap1a,0.699,1.174,0.066988461
Zdhhc7,0.434,0.798,0.159220873
S1pr4,0.465,1.896,0.012705741
Nubp1,0.552,0.732,0.185353162
Gm23935,0.195,2.943,0.00114025
Lrrc59,0.684,0.48,0.331131121
Chn2,0.585,0.821,0.151008015
Chst14,0.38,0.744,0.180301774
Mapk1,0.307,2.047,0.008974288
Emc10,0.355,1.569,0.026977394
Pcyt1a,1.101,0.204,0.625172693
Nek7,1.219,0.212,0.613762005
Hivep3,0.764,0.451,0.353997341
Fam72a,1,0,1
Rnd3,1,0,1
Atxn2l,0.315,1.152,0.070469307
Tm7sf3,0.941,0.128,0.744731974
Otulinl,0.225,1.861,0.013772095
Prkch,0.421,1.447,0.035727284
Cxcl10,1,0,1
Ifrd1,0.71,0.764,0.172186857
Raly,0.311,1.192,0.064268772
Upf3a,0.308,2.074,0.008433348
Spi1,1,0,1
Rps2,0.427,0.83,0.147910839
Lrp10,0.275,2.428,0.003732502
Ppp4c,0.468,0.825,0.149623566
Trir,0.221,2.416,0.003837072
Ggnbp2,0.409,1.083,0.082603795
Gm49616,1.378,0.487,0.325836701
Ccdc146,1,0,1
Lamp1,0.219,1.168,0.067920363
Rbms1,0.331,1.087,0.081846479
Txndc5,0.471,0.901,0.125602996
Hpgd,1,0,1
Thap11,0.255,1.29,0.051286138
Pgp,0.526,1.087,0.081846479
CT010467.2,0.238,1.654,0.022181964
Rnf10,0.361,1.391,0.040644333
Donson,0.537,0.795,0.160324539
Hdac2,0.327,1.124,0.075162289
Naa15,0.718,0.479,0.331894458
Rcsd1,1.074,0.565,0.272270131
Pltp,1,0,1
Cdk16,0.352,1.457,0.034914032
C2cd2,0.831,0.353,0.443608644
Ppp1cb,1.203,0.534,0.292415238
Sorbs3,1.916,0.893,0.12793813
Ccdc85b,0.512,0.672,0.212813905
4933431G14Rik,1,0,1
Micu2,0.46,0.83,0.147910839
St14,1.322,0.062,0.866961876
Lrrk2,1,0,1
Kctd13,0.652,0.544,0.285759054
Myo1e,0.58,0.299,0.50234259
Scand1,0.307,1.544,0.028575905
Khdrbs1,0.212,2.726,0.001879317
Mtrf1l,0.38,0.978,0.105196187
Thada,0.647,3.467,0.000341193
Tusc2,0.538,0.64,0.229086765
Btg1,0.436,3.059,0.000872971
Cry1,1.128,0.195,0.638263486
Usp39,0.723,0.433,0.368977599
Uba5,0.236,1.836,0.014588143
Trp53rka,0.677,0.464,0.343557948
G0s2,2.49,1.763,0.017258379
Zfp622,0.283,2.529,0.002958012
Cd24a,1,0,1
Ctdp1,0.336,2.509,0.003097419
Nedd9,0.845,0.97,0.107151931
Zfp36l1,0.453,3.832,0.000147231
Rcc1l,0.351,3.994,0.000101391
Fzr1,0.19,3.736,0.000183654
Rnase6,1,0,1
Prdm16,1.351,0.437,0.365594792
Anp32b,0.296,1.433,0.03689776
Chmp7,0.248,1.255,0.055590426
Bcl11b,1.098,0.093,0.80723503
Xkrx,1.406,2.228,0.005915616
Nsun2,0.531,0.945,0.113501082
Syap1,0.248,1.663,0.021727012
Marcksl1,0.099,1.933,0.011668096
Setd6,0.289,3.734,0.000184502
Dnaaf5,0.621,0.625,0.237137371
Acbd6,0.309,1.002,0.099540542
Chpf,0.571,0.814,0.153461698
Bcl6,0.23,1.783,0.016481624
Fance,0.469,0.875,0.133352143
Sys1,0.691,0.712,0.194088588
Rac1,0.168,1.355,0.044157045
Rasgef1b,1,0,1
Dusp16,1,0,1
Cactin,0.429,0.927,0.118304156
Fnta,0.258,1.52,0.030199517
Fam43a,1,0,1
Osbpl11,0.809,0.346,0.450816705
E130309D02Rik,0.307,1.943,0.011402498
Mxd1,3.961,2.921,0.001199499
Slc30a9,0.648,1.106,0.078342964
Arhgap31,0.779,1.037,0.09183326
Aggf1,0.391,1.722,0.018967059
Bloc1s4,0.253,2.605,0.002483133
Mcoln2,1,0,1
A130051J06Rik,0.312,2.034,0.009246982
Gpatch3,0.128,2.051,0.008892011
Trim27,0.301,2.142,0.007211075
Mgat2,0.236,2.124,0.007516229
Utp18,0.284,3.422,0.000378443
Rrs1,1.273,0.09,0.812830516
Naip6,1,0,1
Colq,0.337,0.986,0.103276141
A430088P11Rik,0.465,1.304,0.049659232
Vipr1,0.425,3.898,0.000126474
Nsmce3,0.151,1.56,0.027542287
Syk,1,0,1
Acss1,0.598,1.55,0.028183829
Socs5,0.368,3.337,0.000460257
Tmcc2,1,0,1
Rnf187,0.305,0.865,0.136458314
Pim3,1.158,0.083,0.82603795
Pecam1,0.834,1.154,0.07014553
Samsn1,1.077,0.411,0.388150366
St8sia1,0.326,3.213,0.00061235
